"id","dim0","dim1","propostas","links"
1,468,32,"PEC 457/2005;PL 2211/2007;PLP 177/2012;PEC 197/2012;PL 4246/2012;REQ 7492/2013 => PL 4372/2012;PEC 352/2013;PDC 1410/2013;PEC 358/2013;REQ 9909/2014 => PL 5201/2013;PL 7735/2014;REQ 567/2015;REQ 739/2015 => PL 6361/2013;REQ 784/2015;REQ 567/2015 CPIPETRO;REQ 739/2015 CPIPETRO;REQ 784/2015 CPIPETRO","http://www.camara.gov.br/proposicoesWeb/prop_mostrarintegra?codteor=337348;http://www.camara.gov.br/proposicoesWeb/prop_mostrarintegra?codteor=513555;http://www.camara.gov.br/proposicoesWeb/prop_mostrarintegra?codteor=992186;http://www.camara.gov.br/proposicoesWeb/prop_mostrarintegra?codteor=1012324;http://www.camara.gov.br/proposicoesWeb/prop_mostrarintegra?codteor=1015994;http://www.camara.gov.br/proposicoesWeb/prop_mostrarintegra?codteor=1075601;http://www.camara.gov.br/proposicoesWeb/prop_mostrarintegra?codteor=1176709;http://www.camara.gov.br/proposicoesWeb/prop_mostrarintegra?codteor=1200480;http://www.camara.gov.br/proposicoesWeb/prop_mostrarintegra?codteor=1200541;http://www.camara.gov.br/proposicoesWeb/prop_mostrarintegra?codteor=1241583;http://www.camara.gov.br/proposicoesWeb/prop_mostrarintegra?codteor=1262635;http://www.camara.gov.br/proposicoesWeb/prop_mostrarintegra?codteor=1301932;http://www.camara.gov.br/proposicoesWeb/prop_mostrarintegra?codteor=1305021;http://www.camara.gov.br/proposicoesWeb/prop_mostrarintegra?codteor=1305768;http://www.camara.gov.br/proposicoesWeb/prop_mostrarintegra?codteor=1314240;http://www.camara.gov.br/proposicoesWeb/prop_mostrarintegra?codteor=1332808;http://www.camara.gov.br/proposicoesWeb/prop_mostrarintegra?codteor=1337335"
2,464,55,"PEC 457/2005;PEC 590/2006;PL 7699/2006;PL 3771/2012;REQ 7492/2013 => PL 4372/2012;PLP 302/2013;PL 7469/2014;PL 7924/2014;REQ 567/2015;PRC 11/2015;REQ 739/2015 => PL 6361/2013;REQ 784/2015;REQ 796/2015 => PL 2177/2011;REQ 567/2015 CPIPETRO;REQ 739/2015 CPIPETRO;REQ 784/2015 CPIPETRO;REQ 796/2015 CPIPETRO","http://www.camara.gov.br/proposicoesWeb/prop_mostrarintegra?codteor=337348;http://www.camara.gov.br/proposicoesWeb/prop_mostrarintegra?codteor=432013;http://www.camara.gov.br/proposicoesWeb/prop_mostrarintegra?codteor=432201;http://www.camara.gov.br/proposicoesWeb/prop_mostrarintegra?codteor=986323;http://www.camara.gov.br/proposicoesWeb/prop_mostrarintegra?codteor=1075601;http://www.camara.gov.br/proposicoesWeb/prop_mostrarintegra?codteor=1111186;http://www.camara.gov.br/proposicoesWeb/prop_mostrarintegra?codteor=1249462;http://www.camara.gov.br/proposicoesWeb/prop_mostrarintegra?codteor=1275767;http://www.camara.gov.br/proposicoesWeb/prop_mostrarintegra?codteor=1301932;http://www.camara.gov.br/proposicoesWeb/prop_mostrarintegra?codteor=1303600;http://www.camara.gov.br/proposicoesWeb/prop_mostrarintegra?codteor=1305021;http://www.camara.gov.br/proposicoesWeb/prop_mostrarintegra?codteor=1305768;http://www.camara.gov.br/proposicoesWeb/prop_mostrarintegra?codteor=1306224;http://www.camara.gov.br/proposicoesWeb/prop_mostrarintegra?codteor=1314240;http://www.camara.gov.br/proposicoesWeb/prop_mostrarintegra?codteor=1332808;http://www.camara.gov.br/proposicoesWeb/prop_mostrarintegra?codteor=1337335;http://www.camara.gov.br/proposicoesWeb/prop_mostrarintegra?codteor=1338736"
3,468,56,"PEC 590/2006;PL 7699/2006;PL 3771/2012;PLP 302/2013;PDC 1287/2013;PL 7469/2014;PL 7924/2014;PRC 11/2015;REQ 796/2015 => PL 2177/2011;REQ 894/2015 => PL 623/2015;REQ 796/2015 CPIPETRO;REQ 894/2015 CPIPETRO","http://www.camara.gov.br/proposicoesWeb/prop_mostrarintegra?codteor=432013;http://www.camara.gov.br/proposicoesWeb/prop_mostrarintegra?codteor=432201;http://www.camara.gov.br/proposicoesWeb/prop_mostrarintegra?codteor=986323;http://www.camara.gov.br/proposicoesWeb/prop_mostrarintegra?codteor=1111186;http://www.camara.gov.br/proposicoesWeb/prop_mostrarintegra?codteor=1132688;http://www.camara.gov.br/proposicoesWeb/prop_mostrarintegra?codteor=1249462;http://www.camara.gov.br/proposicoesWeb/prop_mostrarintegra?codteor=1275767;http://www.camara.gov.br/proposicoesWeb/prop_mostrarintegra?codteor=1303600;http://www.camara.gov.br/proposicoesWeb/prop_mostrarintegra?codteor=1306224;http://www.camara.gov.br/proposicoesWeb/prop_mostrarintegra?codteor=1308012;http://www.camara.gov.br/proposicoesWeb/prop_mostrarintegra?codteor=1338736;http://www.camara.gov.br/proposicoesWeb/prop_mostrarintegra?codteor=1351229"
4,463,47,"PLP 302/2013;PDC 1287/2013;PL 7469/2014;REQ 894/2015 => PL 623/2015;REQ 1030/2015 => PL 644/2015;REQ 1108/2015 => PLP 34/2015;REQ 1117/2015 => PL 8122/2014;REQ 1118/2015 => PL 7885/2014;REQ 1121/2015 => PL 7224/2006;REQ 894/2015 CPIPETRO;REQ 1030/2015 CPIPETRO => RCP 3/2015;REQ 1108/2015 CPIPETRO => RCP 3/2015;REQ 1117/2015 CPIPETRO;REQ 1118/2015 CPIPETRO;REQ 1121/2015 CPIPETRO","http://www.camara.gov.br/proposicoesWeb/prop_mostrarintegra?codteor=1111186;http://www.camara.gov.br/proposicoesWeb/prop_mostrarintegra?codteor=1132688;http://www.camara.gov.br/proposicoesWeb/prop_mostrarintegra?codteor=1249462;http://www.camara.gov.br/proposicoesWeb/prop_mostrarintegra?codteor=1308012;http://www.camara.gov.br/proposicoesWeb/prop_mostrarintegra?codteor=1310807;http://www.camara.gov.br/proposicoesWeb/prop_mostrarintegra?codteor=1312966;http://www.camara.gov.br/proposicoesWeb/prop_mostrarintegra?codteor=1313075;http://www.camara.gov.br/proposicoesWeb/prop_mostrarintegra?codteor=1313076;http://www.camara.gov.br/proposicoesWeb/prop_mostrarintegra?codteor=1313080;http://www.camara.gov.br/proposicoesWeb/prop_mostrarintegra?codteor=1351229;http://www.camara.gov.br/proposicoesWeb/prop_mostrarintegra?codteor=1374025;http://www.camara.gov.br/proposicoesWeb/prop_mostrarintegra?codteor=1388868;http://www.camara.gov.br/proposicoesWeb/prop_mostrarintegra?codteor=1391774;http://www.camara.gov.br/proposicoesWeb/prop_mostrarintegra?codteor=1392347;http://www.camara.gov.br/proposicoesWeb/prop_mostrarintegra?codteor=1393192"
5,461,51,"PEC 590/2006;PL 789/2007;PL 3131/2008;PL 4148/2008;REQ 1030/2015 => PL 644/2015;PL 846/2015;PLP 37/2015;REQ 1108/2015 => PLP 34/2015;REQ 1117/2015 => PL 8122/2014;REQ 1118/2015 => PL 7885/2014;REQ 1121/2015 => PL 7224/2006;REQ 1125/2015 => PL 6701/2013;REQ 1129/2015 => PL 5773/2013;REQ 1030/2015 CPIPETRO => RCP 3/2015;REQ 1108/2015 CPIPETRO => RCP 3/2015;REQ 1117/2015 CPIPETRO;REQ 1118/2015 CPIPETRO;REQ 1121/2015 CPIPETRO;REQ 1125/2015 CPIPETRO;REQ 1129/2015 CPIPETRO","http://www.camara.gov.br/proposicoesWeb/prop_mostrarintegra?codteor=432013;http://www.camara.gov.br/proposicoesWeb/prop_mostrarintegra?codteor=453097;http://www.camara.gov.br/proposicoesWeb/prop_mostrarintegra?codteor=548411;http://www.camara.gov.br/proposicoesWeb/prop_mostrarintegra?codteor=605180;http://www.camara.gov.br/proposicoesWeb/prop_mostrarintegra?codteor=1310807;http://www.camara.gov.br/proposicoesWeb/prop_mostrarintegra?codteor=1311509;http://www.camara.gov.br/proposicoesWeb/prop_mostrarintegra?codteor=1312893;http://www.camara.gov.br/proposicoesWeb/prop_mostrarintegra?codteor=1312966;http://www.camara.gov.br/proposicoesWeb/prop_mostrarintegra?codteor=1313075;http://www.camara.gov.br/proposicoesWeb/prop_mostrarintegra?codteor=1313076;http://www.camara.gov.br/proposicoesWeb/prop_mostrarintegra?codteor=1313080;http://www.camara.gov.br/proposicoesWeb/prop_mostrarintegra?codteor=1313086;http://www.camara.gov.br/proposicoesWeb/prop_mostrarintegra?codteor=1313094;http://www.camara.gov.br/proposicoesWeb/prop_mostrarintegra?codteor=1374025;http://www.camara.gov.br/proposicoesWeb/prop_mostrarintegra?codteor=1388868;http://www.camara.gov.br/proposicoesWeb/prop_mostrarintegra?codteor=1391774;http://www.camara.gov.br/proposicoesWeb/prop_mostrarintegra?codteor=1392347;http://www.camara.gov.br/proposicoesWeb/prop_mostrarintegra?codteor=1393192;http://www.camara.gov.br/proposicoesWeb/prop_mostrarintegra?codteor=1393197;http://www.camara.gov.br/proposicoesWeb/prop_mostrarintegra?codteor=1393648"
6,468,56,"PL 4330/2004;PEC 590/2006;PL 789/2007;PL 3131/2008;PL 4148/2008;PL 3481/2012;REQ 8530/2013 => PL 4330/2004;MPV 660/2014;MPV 661/2014;PL 846/2015;PLP 37/2015;REQ 1125/2015 => PL 6701/2013;REQ 1129/2015 => PL 5773/2013;REQ 1125/2015 CPIPETRO;REQ 1129/2015 CPIPETRO","http://www.camara.gov.br/proposicoesWeb/prop_mostrarintegra?codteor=246979;http://www.camara.gov.br/proposicoesWeb/prop_mostrarintegra?codteor=432013;http://www.camara.gov.br/proposicoesWeb/prop_mostrarintegra?codteor=453097;http://www.camara.gov.br/proposicoesWeb/prop_mostrarintegra?codteor=548411;http://www.camara.gov.br/proposicoesWeb/prop_mostrarintegra?codteor=605180;http://www.camara.gov.br/proposicoesWeb/prop_mostrarintegra?codteor=972620;http://www.camara.gov.br/proposicoesWeb/prop_mostrarintegra?codteor=1126364;http://www.camara.gov.br/proposicoesWeb/prop_mostrarintegra?codteor=1288673;http://www.camara.gov.br/proposicoesWeb/prop_mostrarintegra?codteor=1290569;http://www.camara.gov.br/proposicoesWeb/prop_mostrarintegra?codteor=1311509;http://www.camara.gov.br/proposicoesWeb/prop_mostrarintegra?codteor=1312893;http://www.camara.gov.br/proposicoesWeb/prop_mostrarintegra?codteor=1313086;http://www.camara.gov.br/proposicoesWeb/prop_mostrarintegra?codteor=1313094;http://www.camara.gov.br/proposicoesWeb/prop_mostrarintegra?codteor=1393197;http://www.camara.gov.br/proposicoesWeb/prop_mostrarintegra?codteor=1393648"
7,466,47,"PL 2505/2000;PL 4330/2004;PEC 457/2005;PL 4148/2008;PL 3481/2012;REQ 8530/2013 => PL 4330/2004;PL 7735/2014;MPV 660/2014;MPV 661/2014;PLP 13/2015","http://www.camara.gov.br/proposicoesWeb/prop_mostrarintegra?codteor=21472;http://www.camara.gov.br/proposicoesWeb/prop_mostrarintegra?codteor=246979;http://www.camara.gov.br/proposicoesWeb/prop_mostrarintegra?codteor=337348;http://www.camara.gov.br/proposicoesWeb/prop_mostrarintegra?codteor=605180;http://www.camara.gov.br/proposicoesWeb/prop_mostrarintegra?codteor=972620;http://www.camara.gov.br/proposicoesWeb/prop_mostrarintegra?codteor=1126364;http://www.camara.gov.br/proposicoesWeb/prop_mostrarintegra?codteor=1262635;http://www.camara.gov.br/proposicoesWeb/prop_mostrarintegra?codteor=1288673;http://www.camara.gov.br/proposicoesWeb/prop_mostrarintegra?codteor=1290569;http://www.camara.gov.br/proposicoesWeb/prop_mostrarintegra?codteor=1300100"
8,456,41,"PL 2505/2000;PL 4330/2004;PEC 457/2005;PL 4148/2008;PL 7735/2014;MPV 660/2014;MPV 665/2014;PLP 13/2015","http://www.camara.gov.br/proposicoesWeb/prop_mostrarintegra?codteor=21472;http://www.camara.gov.br/proposicoesWeb/prop_mostrarintegra?codteor=246979;http://www.camara.gov.br/proposicoesWeb/prop_mostrarintegra?codteor=337348;http://www.camara.gov.br/proposicoesWeb/prop_mostrarintegra?codteor=605180;http://www.camara.gov.br/proposicoesWeb/prop_mostrarintegra?codteor=1262635;http://www.camara.gov.br/proposicoesWeb/prop_mostrarintegra?codteor=1288673;http://www.camara.gov.br/proposicoesWeb/prop_mostrarintegra?codteor=1295852;http://www.camara.gov.br/proposicoesWeb/prop_mostrarintegra?codteor=1300100"
9,455,32,"PEC 457/2005;MPV 663/2014;MPV 665/2014","http://www.camara.gov.br/proposicoesWeb/prop_mostrarintegra?codteor=337348;http://www.camara.gov.br/proposicoesWeb/prop_mostrarintegra?codteor=1295286;http://www.camara.gov.br/proposicoesWeb/prop_mostrarintegra?codteor=1295852"
10,453,35,"MPV 663/2014;MPV 664/2014;MPV 665/2014","http://www.camara.gov.br/proposicoesWeb/prop_mostrarintegra?codteor=1295286;http://www.camara.gov.br/proposicoesWeb/prop_mostrarintegra?codteor=1295851;http://www.camara.gov.br/proposicoesWeb/prop_mostrarintegra?codteor=1295852"
11,462,43,"MPV 664/2014;MPV 668/2015","http://www.camara.gov.br/proposicoesWeb/prop_mostrarintegra?codteor=1295851;http://www.camara.gov.br/proposicoesWeb/prop_mostrarintegra?codteor=1296845"
12,461,43,"PEC 182/2007;MPV 664/2014;MPV 668/2015","http://www.camara.gov.br/proposicoesWeb/prop_mostrarintegra?codteor=516056;http://www.camara.gov.br/proposicoesWeb/prop_mostrarintegra?codteor=1295851;http://www.camara.gov.br/proposicoesWeb/prop_mostrarintegra?codteor=1296845"
13,464,44,"PEC 182/2007;MPV 668/2015","http://www.camara.gov.br/proposicoesWeb/prop_mostrarintegra?codteor=516056;http://www.camara.gov.br/proposicoesWeb/prop_mostrarintegra?codteor=1296845"
14,468,36,"PEC 182/2007","http://www.camara.gov.br/proposicoesWeb/prop_mostrarintegra?codteor=516056"
15,468,51,"PEC 182/2007;MPV 670/2015;PL 863/2015;MPV 672/2015","http://www.camara.gov.br/proposicoesWeb/prop_mostrarintegra?codteor=516056;http://www.camara.gov.br/proposicoesWeb/prop_mostrarintegra?codteor=1308230;http://www.camara.gov.br/proposicoesWeb/prop_mostrarintegra?codteor=1312261;http://www.camara.gov.br/proposicoesWeb/prop_mostrarintegra?codteor=1313843"
16,464,46,"PEC 182/2007;MPV 670/2015;PL 863/2015;MPV 672/2015","http://www.camara.gov.br/proposicoesWeb/prop_mostrarintegra?codteor=516056;http://www.camara.gov.br/proposicoesWeb/prop_mostrarintegra?codteor=1308230;http://www.camara.gov.br/proposicoesWeb/prop_mostrarintegra?codteor=1312261;http://www.camara.gov.br/proposicoesWeb/prop_mostrarintegra?codteor=1313843"
17,457,28,"PEC 171/1993;MPV 671/2015;PL 863/2015;PLP 37/2015;MPV 672/2015;REQ 1681/2015 => PL 1358/2015","http://www.camara.gov.br/proposicoesWeb/prop_mostrarintegra?codteor=13945;http://www.camara.gov.br/proposicoesWeb/prop_mostrarintegra?codteor=1312733;http://www.camara.gov.br/proposicoesWeb/prop_mostrarintegra?codteor=1312261;http://www.camara.gov.br/proposicoesWeb/prop_mostrarintegra?codteor=1312893;http://www.camara.gov.br/proposicoesWeb/prop_mostrarintegra?codteor=1313843;http://www.camara.gov.br/proposicoesWeb/prop_mostrarintegra?codteor=1328931"
18,466,50,"PEC 171/1993;PEC 182/2007;PL 5735/2013;MPV 671/2015;PL 863/2015;PLP 37/2015;REQ 1681/2015 => PL 1358/2015","http://www.camara.gov.br/proposicoesWeb/prop_mostrarintegra?codteor=13945;http://www.camara.gov.br/proposicoesWeb/prop_mostrarintegra?codteor=516056;http://www.camara.gov.br/proposicoesWeb/prop_mostrarintegra?codteor=1102056;http://www.camara.gov.br/proposicoesWeb/prop_mostrarintegra?codteor=1312733;http://www.camara.gov.br/proposicoesWeb/prop_mostrarintegra?codteor=1312261;http://www.camara.gov.br/proposicoesWeb/prop_mostrarintegra?codteor=1312893;http://www.camara.gov.br/proposicoesWeb/prop_mostrarintegra?codteor=1328931"
19,462,55,"PEC 182/2007;PEC 443/2009;PL 5735/2013;PL 2016/2015;PL 2020/2015","http://www.camara.gov.br/proposicoesWeb/prop_mostrarintegra?codteor=516056;http://www.camara.gov.br/proposicoesWeb/prop_mostrarintegra?codteor=723563;http://www.camara.gov.br/proposicoesWeb/prop_mostrarintegra?codteor=1102056;http://www.camara.gov.br/proposicoesWeb/prop_mostrarintegra?codteor=1350712;http://www.camara.gov.br/proposicoesWeb/prop_mostrarintegra?codteor=1350840"
20,467,38,"PEC 171/1993;PL 2479/2000;PEC 182/2007;PEC 443/2009;PL 10/2015;PLP 25/2015;REQ 1041/2015 => PL 6232/2013;REQ 1126/2015 => PL 3111/2012;PDC 57/2015;PL 2016/2015;PL 2020/2015;REC 49/2015 => PL 8170/2014;REQ 1041/2015 CPIPETRO","http://www.camara.gov.br/proposicoesWeb/prop_mostrarintegra?codteor=13945;http://www.camara.gov.br/proposicoesWeb/prop_mostrarintegra?codteor=16915;http://www.camara.gov.br/proposicoesWeb/prop_mostrarintegra?codteor=516056;http://www.camara.gov.br/proposicoesWeb/prop_mostrarintegra?codteor=723563;http://www.camara.gov.br/proposicoesWeb/prop_mostrarintegra?codteor=1296689;http://www.camara.gov.br/proposicoesWeb/prop_mostrarintegra?codteor=1307480;http://www.camara.gov.br/proposicoesWeb/prop_mostrarintegra?codteor=1311068;http://www.camara.gov.br/proposicoesWeb/prop_mostrarintegra?codteor=1313087;http://www.camara.gov.br/proposicoesWeb/prop_mostrarintegra?codteor=1327376;http://www.camara.gov.br/proposicoesWeb/prop_mostrarintegra?codteor=1350712;http://www.camara.gov.br/proposicoesWeb/prop_mostrarintegra?codteor=1350840;http://www.camara.gov.br/proposicoesWeb/prop_mostrarintegra?codteor=1359752;http://www.camara.gov.br/proposicoesWeb/prop_mostrarintegra?codteor=1376277"
21,466,49,"PEC 171/1993;PL 2479/2000;PEC 471/2005;PLP 25/2007;PL 1057/2007;PLP 106/2011;PL 10/2015;PLP 25/2015;REQ 1041/2015 => PL 6232/2013;REQ 1126/2015 => PL 3111/2012;PDC 57/2015;REQ 2409/2015 => PL 5230/2013;REC 49/2015 => PL 8170/2014;REQ 2727/2015 => PL 8170/2014;REQ 1041/2015 CPIPETRO;REQ 1126/2015 CPIPETRO","http://www.camara.gov.br/proposicoesWeb/prop_mostrarintegra?codteor=13945;http://www.camara.gov.br/proposicoesWeb/prop_mostrarintegra?codteor=16915;http://www.camara.gov.br/proposicoesWeb/prop_mostrarintegra?codteor=349599;http://www.camara.gov.br/proposicoesWeb/prop_mostrarintegra?codteor=442758;http://www.camara.gov.br/proposicoesWeb/prop_mostrarintegra?codteor=459157;http://www.camara.gov.br/proposicoesWeb/prop_mostrarintegra?codteor=936770;http://www.camara.gov.br/proposicoesWeb/prop_mostrarintegra?codteor=1296689;http://www.camara.gov.br/proposicoesWeb/prop_mostrarintegra?codteor=1307480;http://www.camara.gov.br/proposicoesWeb/prop_mostrarintegra?codteor=1311068;http://www.camara.gov.br/proposicoesWeb/prop_mostrarintegra?codteor=1313087;http://www.camara.gov.br/proposicoesWeb/prop_mostrarintegra?codteor=1327376;http://www.camara.gov.br/proposicoesWeb/prop_mostrarintegra?codteor=1358027;http://www.camara.gov.br/proposicoesWeb/prop_mostrarintegra?codteor=1359752;http://www.camara.gov.br/proposicoesWeb/prop_mostrarintegra?codteor=1373108;http://www.camara.gov.br/proposicoesWeb/prop_mostrarintegra?codteor=1376277;http://www.camara.gov.br/proposicoesWeb/prop_mostrarintegra?codteor=1393198"
22,464,38,"PEC 471/2005;PLP 25/2007;PL 1057/2007;PLP 106/2011;PEC 172/2012;PL 5735/2013;REQ 10903/2014 => PL 1462/2007;PDC 57/2015;MPV 675/2015;REQ 2409/2015 => PL 5230/2013;REQ 2727/2015 => PL 8170/2014;REQ 2738/2015 => PL 2455/2015;REQ 1126/2015 CPIPETRO","http://www.camara.gov.br/proposicoesWeb/prop_mostrarintegra?codteor=349599;http://www.camara.gov.br/proposicoesWeb/prop_mostrarintegra?codteor=442758;http://www.camara.gov.br/proposicoesWeb/prop_mostrarintegra?codteor=459157;http://www.camara.gov.br/proposicoesWeb/prop_mostrarintegra?codteor=936770;http://www.camara.gov.br/proposicoesWeb/prop_mostrarintegra?codteor=992122;http://www.camara.gov.br/proposicoesWeb/prop_mostrarintegra?codteor=1102056;http://www.camara.gov.br/proposicoesWeb/prop_mostrarintegra?codteor=1291689;http://www.camara.gov.br/proposicoesWeb/prop_mostrarintegra?codteor=1327376;http://www.camara.gov.br/proposicoesWeb/prop_mostrarintegra?codteor=1338447;http://www.camara.gov.br/proposicoesWeb/prop_mostrarintegra?codteor=1358027;http://www.camara.gov.br/proposicoesWeb/prop_mostrarintegra?codteor=1373108;http://www.camara.gov.br/proposicoesWeb/prop_mostrarintegra?codteor=1373540;http://www.camara.gov.br/proposicoesWeb/prop_mostrarintegra?codteor=1393198"
23,468,59,"PEC 172/2012;PL 5735/2013;PLP 366/2013;REQ 10903/2014 => PL 1462/2007;PDC 57/2015;MPV 675/2015;REQ 2027/2015 => PDC 1408/2013;REQ 2118/2015 => PL 1780/2015;MPV 681/2015;REQ 2738/2015 => PL 2455/2015;REQ 2971/2015 => PL 4059/2012","http://www.camara.gov.br/proposicoesWeb/prop_mostrarintegra?codteor=992122;http://www.camara.gov.br/proposicoesWeb/prop_mostrarintegra?codteor=1102056;http://www.camara.gov.br/proposicoesWeb/prop_mostrarintegra?codteor=1207621;http://www.camara.gov.br/proposicoesWeb/prop_mostrarintegra?codteor=1291689;http://www.camara.gov.br/proposicoesWeb/prop_mostrarintegra?codteor=1327376;http://www.camara.gov.br/proposicoesWeb/prop_mostrarintegra?codteor=1338447;http://www.camara.gov.br/proposicoesWeb/prop_mostrarintegra?codteor=1342825;http://www.camara.gov.br/proposicoesWeb/prop_mostrarintegra?codteor=1347143;http://www.camara.gov.br/proposicoesWeb/prop_mostrarintegra?codteor=1360652;http://www.camara.gov.br/proposicoesWeb/prop_mostrarintegra?codteor=1373540;http://www.camara.gov.br/proposicoesWeb/prop_mostrarintegra?codteor=1382706"
24,468,45,"PL 4474/2004;PEC 172/2012;PL 5735/2013;PLP 366/2013;REQ 2027/2015 => PDC 1408/2013;REQ 2118/2015 => PL 1780/2015;MPV 679/2015;PLP 124/2015;MPV 681/2015;REQ 2507/2015 => PLP 124/2015;REQ 2971/2015 => PL 4059/2012;REQ 3048/2015 => PL 6401/2009;REQ 3101/2015 => PL 2430/2003","http://www.camara.gov.br/proposicoesWeb/prop_mostrarintegra?codteor=251861;http://www.camara.gov.br/proposicoesWeb/prop_mostrarintegra?codteor=992122;http://www.camara.gov.br/proposicoesWeb/prop_mostrarintegra?codteor=1102056;http://www.camara.gov.br/proposicoesWeb/prop_mostrarintegra?codteor=1207621;http://www.camara.gov.br/proposicoesWeb/prop_mostrarintegra?codteor=1342825;http://www.camara.gov.br/proposicoesWeb/prop_mostrarintegra?codteor=1347143;http://www.camara.gov.br/proposicoesWeb/prop_mostrarintegra?codteor=1352474;http://www.camara.gov.br/proposicoesWeb/prop_mostrarintegra?codteor=1358721;http://www.camara.gov.br/proposicoesWeb/prop_mostrarintegra?codteor=1360652;http://www.camara.gov.br/proposicoesWeb/prop_mostrarintegra?codteor=1361746;http://www.camara.gov.br/proposicoesWeb/prop_mostrarintegra?codteor=1382706;http://www.camara.gov.br/proposicoesWeb/prop_mostrarintegra?codteor=1387265;http://www.camara.gov.br/proposicoesWeb/prop_mostrarintegra?codteor=1390162"
25,468,50,"PL 4474/2004;PEC 172/2012;PEC 209/2012;REQ 1219/2015 => PL 6726/2013;MPV 676/2015;MPV 678/2015;MPV 679/2015;PLP 124/2015;REQ 2507/2015 => PLP 124/2015;REQ 3048/2015 => PL 6401/2009;REQ 3101/2015 => PL 2430/2003;REQ 3117/2015 => PL 3075/2015","http://www.camara.gov.br/proposicoesWeb/prop_mostrarintegra?codteor=251861;http://www.camara.gov.br/proposicoesWeb/prop_mostrarintegra?codteor=992122;http://www.camara.gov.br/proposicoesWeb/prop_mostrarintegra?codteor=1020915;http://www.camara.gov.br/proposicoesWeb/prop_mostrarintegra?codteor=1315600;http://www.camara.gov.br/proposicoesWeb/prop_mostrarintegra?codteor=1350500;http://www.camara.gov.br/proposicoesWeb/prop_mostrarintegra?codteor=1352472;http://www.camara.gov.br/proposicoesWeb/prop_mostrarintegra?codteor=1352474;http://www.camara.gov.br/proposicoesWeb/prop_mostrarintegra?codteor=1358721;http://www.camara.gov.br/proposicoesWeb/prop_mostrarintegra?codteor=1361746;http://www.camara.gov.br/proposicoesWeb/prop_mostrarintegra?codteor=1387265;http://www.camara.gov.br/proposicoesWeb/prop_mostrarintegra?codteor=1390162;http://www.camara.gov.br/proposicoesWeb/prop_mostrarintegra?codteor=1390725"
26,465,42,"PEC 215/2003;PEC 209/2012;PLP 278/2013;PL 6446/2013;PEC 395/2014;REQ 1219/2015 => PL 6726/2013;MPV 676/2015;MPV 678/2015;MPV 682/2015;MPV 687/2015;PL 2750/2015;REQ 3117/2015 => PL 3075/2015","http://www.camara.gov.br/proposicoesWeb/prop_mostrarintegra?codteor=189069;http://www.camara.gov.br/proposicoesWeb/prop_mostrarintegra?codteor=1020915;http://www.camara.gov.br/proposicoesWeb/prop_mostrarintegra?codteor=1091451;http://www.camara.gov.br/proposicoesWeb/prop_mostrarintegra?codteor=1143637;http://www.camara.gov.br/proposicoesWeb/prop_mostrarintegra?codteor=1245688;http://www.camara.gov.br/proposicoesWeb/prop_mostrarintegra?codteor=1315600;http://www.camara.gov.br/proposicoesWeb/prop_mostrarintegra?codteor=1350500;http://www.camara.gov.br/proposicoesWeb/prop_mostrarintegra?codteor=1352472;http://www.camara.gov.br/proposicoesWeb/prop_mostrarintegra?codteor=1360656;http://www.camara.gov.br/proposicoesWeb/prop_mostrarintegra?codteor=1372809;http://www.camara.gov.br/proposicoesWeb/prop_mostrarintegra?codteor=1376424;http://www.camara.gov.br/proposicoesWeb/prop_mostrarintegra?codteor=1390725"
27,467,55,"PEC 215/2003;PLP 278/2013;PL 6446/2013;PEC 395/2014;MPV 682/2015;MPV 685/2015;MPV 687/2015;MPV 688/2015;PL 2750/2015;PL 2960/2015;PDC 238/2015","http://www.camara.gov.br/proposicoesWeb/prop_mostrarintegra?codteor=189069;http://www.camara.gov.br/proposicoesWeb/prop_mostrarintegra?codteor=1091451;http://www.camara.gov.br/proposicoesWeb/prop_mostrarintegra?codteor=1143637;http://www.camara.gov.br/proposicoesWeb/prop_mostrarintegra?codteor=1245688;http://www.camara.gov.br/proposicoesWeb/prop_mostrarintegra?codteor=1360656;http://www.camara.gov.br/proposicoesWeb/prop_mostrarintegra?codteor=1364063;http://www.camara.gov.br/proposicoesWeb/prop_mostrarintegra?codteor=1372809;http://www.camara.gov.br/proposicoesWeb/prop_mostrarintegra?codteor=1373626;http://www.camara.gov.br/proposicoesWeb/prop_mostrarintegra?codteor=1376424;http://www.camara.gov.br/proposicoesWeb/prop_mostrarintegra?codteor=1384000;http://www.camara.gov.br/proposicoesWeb/prop_mostrarintegra?codteor=1398351"
28,466,51,"PEC 215/2003;MPV 685/2015;MPV 688/2015;PL 2960/2015;PDC 238/2015","http://www.camara.gov.br/proposicoesWeb/prop_mostrarintegra?codteor=189069;http://www.camara.gov.br/proposicoesWeb/prop_mostrarintegra?codteor=1364063;http://www.camara.gov.br/proposicoesWeb/prop_mostrarintegra?codteor=1373626;http://www.camara.gov.br/proposicoesWeb/prop_mostrarintegra?codteor=1384000;http://www.camara.gov.br/proposicoesWeb/prop_mostrarintegra?codteor=1398351"
29,461,32,"PEC 74/2015;MPV 685/2015;PLN 5/2015 CN;MPV 688/2015;MPV 691/2015;PL 2960/2015","http://www.camara.gov.br/proposicoesWeb/prop_mostrarintegra?codteor=1353360;http://www.camara.gov.br/proposicoesWeb/prop_mostrarintegra?codteor=1364063;http://www.camara.gov.br/proposicoesWeb/prop_mostrarintegra?codteor=1365242;http://www.camara.gov.br/proposicoesWeb/prop_mostrarintegra?codteor=1373626;http://www.camara.gov.br/proposicoesWeb/prop_mostrarintegra?codteor=1379164;http://www.camara.gov.br/proposicoesWeb/prop_mostrarintegra?codteor=1384000"
